id,value
Uniandes,
Uniandes.CIDER,
Uniandes.CIDER.Especialización,
Uniandes.CIDER.Especialización.Gestión y Planificación Territorial
Uniandes.CIDER.Especialización.Organizaciones Responsabilidad Social y Desarrollo
Uniandes.CIDER.Especialización.Estado, Políticas Públicas ​y Desarrollo
Uniandes.CIDER.Maestría,
Uniandes.CIDER.Maestría.Planificación Urbana y Regional
Uniandes.CIDER.Maestría.Género
Uniandes.CIDER.Maestría.Estudios Interdisciplinarios sobre Desarrollo
Uniandes.CIDER.Doctorado,
Uniandes.CIDER.Doctorado.Estudios Interdisciplinarios sobre De​sarrollo
Uniandes.Escuela de Gobierno,
Uniandes.Escuela de Gobierno.Pregrado,
Uniandes.Escuela de Gobierno.Pregrado.Gobierno y asuntos publicos
Uniandes.Escuela de Gobierno.Maestría,
Uniandes.Escuela de Gobierno.Maestría.Politicas públicas
Uniandes.Escuela de Gobierno.Maestría.Salud Pública
Uniandes.Escuela de Gobierno.Maestría.Gestión Pública
Uniandes.Administración,
Uniandes.Administración.Pregrado,
Uniandes.Administración.Pregrado.Administración
Uniandes.Administración.Pregrado.Contaduría Internacional
Uniandes.Administración.Especialización,
Uniandes.Administración.Especialización.Administración financiera
Uniandes.Administración.Especialización.Negociación
Uniandes.Administración.Especialización.Inteligencia de mercados
Uniandes.Administración.MBA,
Uniandes.Administración.MBA.Ejecutivo
Uniandes.Administración.MBA.Tiempo completo - parcial
Uniandes.Administración.Maestría,
Uniandes.Administración.Maestría.Mercadeo
Uniandes.Administración.Maestría.Finanzas
Uniandes.Administración.Maestría.Gerencia ambiental
Uniandes.Administración.Maestría.Gerencia y práctica del desarrollo
Uniandes.Administración.Maestría.Gestión de la cadena de suministro
Uniandes.Administración.Maestría.Internacional en finanzas
Uniandes.Administración.Doctorado,
Uniandes.Administración.Doctorado.Administración
Uniandes.Arquitectura y diseño,
Uniandes.Arquitectura y diseño.Pregrado,
Uniandes.Arquitectura y diseño.Pregrado.Arquitectura
Uniandes.Arquitectura y diseño.Pregrado.Diseño
Uniandes.Arquitectura y diseño.Maestría,
Uniandes.Arquitectura y diseño.Maestría.Arquitectura
Uniandes.Arquitectura y diseño.Maestría.Diseño
Uniandes.Arquitectura y diseño.Maestría.Gestion Estratégica de Proyectos de Arquitectura
Uniandes.Artes y humanidades,
Uniandes.Artes y humanidades.Pregrado,
Uniandes.Artes y humanidades.Pregrado.Arte
Uniandes.Artes y humanidades.Pregrado.Historia del arte
Uniandes.Artes y humanidades.Pregrado.Música
Uniandes.Artes y humanidades.Pregrado.Narrativas digitales
Uniandes.Artes y humanidades.Pregrado.Literatura
Uniandes.Artes y humanidades.Maestría,
Uniandes.Artes y humanidades.Maestría.Artes plasticas
Uniandes.Artes y humanidades.Maestría.Historia del arte
Uniandes.Artes y humanidades.Maestría.Humanidades digitales
Uniandes.Artes y humanidades.Maestría.Literatura
Uniandes.Artes y humanidades.Maestría.Música
Uniandes.Artes y humanidades.Maestría.Patrimonio cultural
Uniandes.Artes y humanidades.Maestría.Periodismo
Uniandes.Artes y humanidades.Doctorado,
Uniandes.Artes y humanidades.Doctorado.Literatura
Uniandes.Ciencias,
Uniandes.Ciencias.Pregrado,
Uniandes.Ciencias.Pregrado.Biología
Uniandes.Ciencias.Pregrado.Física
Uniandes.Ciencias.Pregrado.Geociencias
Uniandes.Ciencias.Pregrado.Matemáticas
Uniandes.Ciencias.Pregrado.Microbiología
Uniandes.Ciencias.Pregrado.Química
Uniandes.Ciencias.Maestría,
Uniandes.Ciencias.Maestría.Ciencias-Física
Uniandes.Ciencias.Maestría.Ciencias Biológicas
Uniandes.Ciencias.Maestría.Matemáticas
Uniandes.Ciencias.Maestría.Química
Uniandes.Ciencias.Doctorado,
Uniandes.Ciencias.Doctorado.Ciencias-Biología
Uniandes.Ciencias.Doctorado.Ciencias-Física
Uniandes.Ciencias.Doctorado.Matemáticas
Uniandes.Ciencias.Doctorado.Ciencias-Química
Uniandes.Ciencias Sociales,
Uniandes.Ciencias Sociales.Pregrado,
Uniandes.Ciencias Sociales.Pregrado.Antropología
Uniandes.Ciencias Sociales.Pregrado.Ciencia política
Uniandes.Ciencias Sociales.Pregrado.Filosofía
Uniandes.Ciencias Sociales.Pregrado.Historia
Uniandes.Ciencias Sociales.Pregrado.Lenguas y Cultura
Uniandes.Ciencias Sociales.Pregrado.Psicología
Uniandes.Ciencias Sociales.Maestría,
Uniandes.Ciencias Sociales.Maestría.Antropología
Uniandes.Ciencias Sociales.Maestría.Ciencia política
Uniandes.Ciencias Sociales.Maestría.Estudios culturales
Uniandes.Ciencias Sociales.Maestría.Estudios internacionales
Uniandes.Ciencias Sociales.Maestría.Filosofía
Uniandes.Ciencias Sociales.Maestría.Geografía
Uniandes.Ciencias Sociales.Maestría.Historia
Uniandes.Ciencias Sociales.Maestría.Pedagogía de lenguas extranjeras
Uniandes.Ciencias Sociales.Maestría.Psicología
Uniandes.Ciencias Sociales.Maestría.Psicología clínica y de la salud
Uniandes.Ciencias Sociales.Maestría.Sociología
Uniandes.Ciencias Sociales.Doctorado,
Uniandes.Ciencias Sociales.Doctorado.Antropología
Uniandes.Ciencias Sociales.Doctorado.Ciencia política
Uniandes.Ciencias Sociales.Doctorado.Filosofía
Uniandes.Ciencias Sociales.Doctorado.Historia
Uniandes.Ciencias Sociales.Doctorado.Psicología
Uniandes.Derecho,
Uniandes.Derecho.Pregrado,
Uniandes.Derecho.Pregrado.Derecho
Uniandes.Derecho.Especialización,
Uniandes.Derecho.Especialización.Derecho Comercial
Uniandes.Derecho.Especialización.Legislación Financiera
Uniandes.Derecho.Especialización.Gestión Pública e Instituciones Administrativas
Uniandes.Derecho.Especialización.Tributación
Uniandes.Derecho.Especialización.Derecho de los Negocios Internacionales
Uniandes.Derecho.Especialización.Derecho de la Empresa
Uniandes.Derecho.Especialización.Derecho Minero-Energético y Desarrollo Sostenibles
Uniandes.Derecho.Maestría,
Uniandes.Derecho.Maestría.Derecho
Uniandes.Derecho.Maestría.Derecho Privado
Uniandes.Derecho.Maestría.Derecho Público para la Gestión Administrativa
Uniandes.Derecho.Maestría.Derecho Internacional
Uniandes.Derecho.Maestría.Propiedad Intelectual
Uniandes.Derecho.Maestría.Derecho Gobierno y Gestión de la Justicia
Uniandes.Derecho.Maestría.Tributación
Uniandes.Derecho.Doctorado,
Uniandes.Derecho.Doctorado.Derecho
Uniandes.Economía,
Uniandes.Economía.Pregrado,
Uniandes.Economía.Pregrado.Economía
Uniandes.Economía.Especialización,
Uniandes.Economía.Especialización.Evaluación social de proyectos
Uniandes.Economía.Especialización.Economía
Uniandes.Economía.Maestría,
Uniandes.Economía.Maestría.Economía
Uniandes.Economía.Maestría.Economía aplicada
Uniandes.Economía.Doctorado,
Uniandes.Economía.Doctorado.Economía
Uniandes.Educación,
Uniandes.Educación.Pregrado,
Uniandes.Educación.Pregrado.Licenciatura en Matemáticas
Uniandes.Educación.Pregrado.Licenciatura en Química
Uniandes.Educación.Pregrado.Licenciatura en Español y Filología
Uniandes.Educación.Pregrado.Licenciatura en Biología
Uniandes.Educación.Pregrado.Licenciatura en Educación Infantil
Uniandes.Educación.Pregrado.Licenciatura en Física
Uniandes.Educación.Pregrado.Licenciatura en Historia
Uniandes.Educación.Pregrado.Licenciatura en Arte
Uniandes.Educación.Pregrado.Licenciatura en Filosofía
Uniandes.Educación.Pregrado.Licenciatura en Pedagogía
Uniandes.Educación.Especialización,
Uniandes.Educación.Especialización.Gestión de Instituciones Educativas
Uniandes.Educación.Especialización.Currículo y Pedagogía
Uniandes.Educación.Maestría,
Uniandes.Educación.Maestría.Educación
Uniandes.Educación.Maestría.Educación matemática
Uniandes.Educación.Doctorado,
Uniandes.Educación.Doctorado.Educación
Uniandes.Ingeniería,
Uniandes.Ingeniería.Pregrado,
Uniandes.Ingeniería.Pregrado.Ingeniería Biomédica
Uniandes.Ingeniería.Pregrado.Ingeniería Civil
Uniandes.Ingeniería.Pregrado.Ingeniería Ambiental
Uniandes.Ingeniería.Pregrado.Ingeniería Electrica y electrónica
Uniandes.Ingeniería.Pregrado.Ingeniería Industrial
Uniandes.Ingeniería.Pregrado.Ingeniería Mecánica
Uniandes.Ingeniería.Pregrado.Ingeniería Química
Uniandes.Ingeniería.Pregrado.Ingeniería de Sistemas y Computación
Uniandes.Ingeniería.Especialización,
Uniandes.Ingeniería.Especialización.Automatización
Uniandes.Ingeniería.Especialización.Transmisión y distribución
Uniandes.Ingeniería.Especialización.Manejo integrado del medio ambiente
Uniandes.Ingeniería.Especialización.Ingeniería de sistemas hidricos urbanos
Uniandes.Ingeniería.Maestría,
Uniandes.Ingeniería.Maestría.Arquitecturas de tecnologías de información
Uniandes.Ingeniería.Maestría.Seguridad de la información
Uniandes.Ingeniería.Maestría.Ingeniería de Software
Uniandes.Ingeniería.Maestría.Tecnologías de información para el negocio
Uniandes.Ingeniería.Maestría.Ingeniería de sistemas y computación
Uniandes.Ingeniería.Maestría.Ingeniería de información
Uniandes.Ingeniería.Maestría.Biología computacional
Uniandes.Ingeniería.Maestría.Ingeniería Química
Uniandes.Ingeniería.Maestría.Diseño de Procesos y Productos
Uniandes.Ingeniería.Maestría.Ingeniería Mecánica
Uniandes.Ingeniería.Maestría.Ingeniería de petroleos
Uniandes.Ingeniería.Maestría.Ingeniería Industrial
Uniandes.Ingeniería.Maestría.Inteligencia analítica para la toma de decisiones
Uniandes.Ingeniería.Maestría.Ingeniería Electrica y electrónica
Uniandes.Ingeniería.Maestría.Ingeniería Ambiental
Uniandes.Ingeniería.Maestría.Ingeniería Civil
Uniandes.Ingeniería.Maestría.Ingeniería Biomédica
Uniandes.Ingeniería.Doctorado,
Uniandes.Ingeniería.Doctorado.Ingeniería
